# seoMetaTitle,seoMetaKeyword,seoMetaDescription,tags,productSource
The Fashion Luxor Platinum Plated Gold Shade Anklets,The Fashion Luxor Platinum Plated Gold Shade Anklets,The Fashion Luxor Platinum Plated Gold Shade Anklets,The Fashion Luxor Platinum Plated Gold Shade Anklets,MP000000000895672
The Fashion Luxor Platinum Plated Silver Shade Anklets,The Fashion Luxor Platinum Plated Silver Shade Anklets,The Fashion Luxor Platinum Plated Silver Shade Anklets,The Fashion Luxor Platinum Plated Silver Shade Anklets,MP000000000895673
The Fashion Luxor Platinum Plated Bronze Shade Anklets,The Fashion Luxor Platinum Plated Bronze Shade Anklets,The Fashion Luxor Platinum Plated Bronze Shade Anklets,The Fashion Luxor Platinum Plated Bronze Shade Anklets,MP000000000895674
The Fashion Luxor Platinum Plated Platinum Shade Anklets,The Fashion Luxor Platinum Plated Platinum Shade Anklets,The Fashion Luxor Platinum Plated Platinum Shade Anklets,The Fashion Luxor Platinum Plated Platinum Shade Anklets,MP000000000895675
The Fashion Luxor Platinum Plated Tangstun Shade Anklets,The Fashion Luxor Platinum Plated Tangstun Shade Anklets,The Fashion Luxor Platinum Plated Tangstun Shade Anklets,The Fashion Luxor Platinum Plated Tangstun Shade Anklets,MP000000000895676
The Fashion Luxor Platinum Plated Gold Silver Anklets,The Fashion Luxor Platinum Plated Gold Silver Anklets,The Fashion Luxor Platinum Plated Gold Silver Anklets,The Fashion Luxor Platinum Plated Gold Silver Anklets,MP000000000895677
The Fashion Luxor Platinum Plated Gold Bronze Anklets,The Fashion Luxor Platinum Plated Gold Bronze Anklets,The Fashion Luxor Platinum Plated Gold Bronze Anklets,The Fashion Luxor Platinum Plated Gold Bronze Anklets,MP000000000895678
The Fashion Luxor Silver Plated Gold Shaded Anklets,The Fashion Luxor Silver Plated Gold Shaded Anklets,The Fashion Luxor Silver Plated Gold Shaded Anklets,The Fashion Luxor Silver Plated Gold Shaded Anklets,MP000000000895679
The Fashion Luxor Bronze Plated Gold Shade Anklets,The Fashion Luxor Bronze Plated Gold Shade Anklets,The Fashion Luxor Bronze Plated Gold Shade Anklets,The Fashion Luxor Bronze Plated Gold Shade Anklets,MP000000000895670
The Fashion Luxor Platinum Plated Gold Anklets,The Fashion Luxor Platinum Plated Gold Anklets,The Fashion Luxor Platinum Plated Gold Anklets,The Fashion Luxor Platinum Plated Gold Anklets,MP000000000895680
The Fashion Luxor Platinum Plated Silver Anklets,The Fashion Luxor Platinum Plated Silver Anklets,The Fashion Luxor Platinum Plated Silver Anklets,The Fashion Luxor Platinum Plated Silver Anklets,MP000000000895681
The Fashion Luxor Platinum Plated Bronze Anklets,The Fashion Luxor Platinum Plated Bronze Anklets,The Fashion Luxor Platinum Plated Bronze Anklets,The Fashion Luxor Platinum Plated Bronze Anklets,MP000000000895682
The Fashion Luxor Platinum Plated Tangstun Anklets,The Fashion Luxor Platinum Plated Tangstun Anklets,The Fashion Luxor Platinum Plated Tangstun Anklets,The Fashion Luxor Platinum Plated Tangstun Anklets,MP000000000895683
The Fashion Luxor Tangstun Plated Gold Shade Anklets,The Fashion Luxor Tangstun Plated Gold Shade Anklets,The Fashion Luxor Tangstun Plated Gold Shade Anklets,The Fashion Luxor Tangstun Plated Gold Shade Anklets,MP000000000895684
The Fashion Luxor Tangstun Plated Platinum Shade Anklets,The Fashion Luxor Tangstun Plated Platinum Shade Anklets,The Fashion Luxor Tangstun Plated Platinum Shade Anklets,The Fashion Luxor Tangstun Plated Platinum Shade Anklets,MP000000000895685
The Fashion Luxor Tangstun Plated Silver Shade Anklets,The Fashion Luxor Tangstun Plated Silver Shade Anklets,The Fashion Luxor Tangstun Plated Silver Shade Anklets,The Fashion Luxor Tangstun Plated Silver Shade Anklets,MP000000000895686
The Fashion Luxor Citigold Gold Shade Anklets,The Fashion Luxor Citigold Gold Shade Anklets,The Fashion Luxor Citigold Gold Shade Anklets,The Fashion Luxor Citigold Gold Shade Anklets,MP000000000895687
The Fashion Luxor Citigold Plated Gold Shade Anklets,The Fashion Luxor Citigold Plated Gold Shade Anklets,The Fashion Luxor Citigold Plated Gold Shade Anklets,The Fashion Luxor Citigold Plated Gold Shade Anklets,MP000000000895688
The Fashion Luxor Citigold Plated Gold Anklets,The Fashion Luxor Citigold Plated Gold Anklets,The Fashion Luxor Citigold Plated Gold Anklets,The Fashion Luxor Citigold Plated Gold Anklets,MP000000000895689
The Fashion Luxor Platinum Bronze Gold Shade Anklets,The Fashion Luxor Platinum Bronze Gold Shade Anklets,The Fashion Luxor Platinum Bronze Gold Shade Anklets,The Fashion Luxor Platinum Bronze Gold Shade Anklets,MP000000000895690



Arsh Crown Sky Dominion NA Yellow Gold Coral Brass Pendant,Arsh Crown Sky Dominion NA Yellow Gold Coral Brass Pendant,Arsh Crown Sky Dominion NA Yellow Gold Coral Brass Pendant,Arsh Crown Sky Dominion NA Yellow Gold Coral Brass Pendant,MP000000000615772
Arsh Crown Sky Dominion NA Yellow Gold Sapphire Brass Pendant,Arsh Crown Sky Dominion NA Yellow Gold Sapphire Brass Pendant,Arsh Crown Sky Dominion NA Yellow Gold Sapphire Brass Pendant,Arsh Crown Sky Dominion NA Yellow Gold Sapphire Brass Pendant,MP000000000615773
Arsh Crown Sky Dominion NA Yellow Gold Emerald Brass Pendant,Arsh Crown Sky Dominion NA Yellow Gold Emerald Brass Pendant,Arsh Crown Sky Dominion NA Yellow Gold Emerald Brass Pendant,Arsh Crown Sky Dominion NA Yellow Gold Emerald Brass Pendant,MP000000000615774
Arsh Crown Sky Dominion  silver Coral Brass Pendant,Arsh Crown Sky Dominion  silver Coral Brass Pendant,Arsh Crown Sky Dominion  silver Coral Brass Pendant,Arsh Crown Sky Dominion  silver Coral Brass Pendant,MP000000000615775
Arsh Crown Sky Dominion  Yellow Gold Sapphire Brass Pendant,Arsh Crown Sky Dominion  Yellow Gold Sapphire Brass Pendant,Arsh Crown Sky Dominion  Yellow Gold Sapphire Brass Pendant,Arsh Crown Sky Dominion  Yellow Gold Sapphire Brass Pendant,MP000000000615776
Arsh Crown Sky Dominion Yellow Gold Emerald Brass Pendant,Arsh Crown Sky Dominion Yellow Gold Emerald Brass Pendant,Arsh Crown Sky Dominion Yellow Gold Emerald Brass Pendant,Arsh Crown Sky Dominion Yellow Gold Emerald Brass Pendant,MP000000000615777
Arsh Crown Sky Dominion silver Coral Brass Pendant,Arsh Crown Sky Dominion silver Coral Brass Pendant,Arsh Crown Sky Dominion silver Coral Brass Pendant,Arsh Crown Sky Dominion silver Coral Brass Pendant,MP000000000615778
Arsh Crown Sky Dominion  Yellow Gold Sapphire Brass Pendant,Arsh Crown Sky Dominion  Yellow Gold Sapphire Brass Pendant,Arsh Crown Sky Dominion  Yellow Gold Sapphire Brass Pendant,Arsh Crown Sky Dominion  Yellow Gold Sapphire Brass Pendant,MP000000000615779
Arsh Crown Sky Dominion NA Yellow Gold Coral Brass Pendant,Arsh Crown Sky Dominion NA Yellow Gold Coral Brass Pendant,Arsh Crown Sky Dominion NA Yellow Gold Coral Brass Pendant,Arsh Crown Sky Dominion NA Yellow Gold Coral Brass Pendant,MP000000000615781
Arsh Crown Sky Dominion Yellow Gold Coral Brass Pendant,Arsh Crown Sky Dominion Yellow Gold Coral Brass Pendant,Arsh Crown Sky Dominion Yellow Gold Coral Brass Pendant,Arsh Crown Sky Dominion Yellow Gold Coral Brass Pendant,MP000000000615782
Arsh Crown Sky Dominion NA Yellow Gold Coral Brass Pendant,Arsh Crown Sky Dominion NA Yellow Gold Coral Brass Pendant,Arsh Crown Sky Dominion NA Yellow Gold Coral Brass Pendant,Arsh Crown Sky Dominion NA Yellow Gold Coral Brass Pendant,MP000000000615783
Arsh Crown Sky Dominion  Yellow Gold Coral Brass Pendant,Arsh Crown Sky Dominion  Yellow Gold Coral Brass Pendant,Arsh Crown Sky Dominion  Yellow Gold Coral Brass Pendant,Arsh Crown Sky Dominion  Yellow Gold Coral Brass Pendant,MP000000000615784
Arsh Crown Sky Dominion  Yellow Gold Coral Brass Pendant,Arsh Crown Sky Dominion  Yellow Gold Coral Brass Pendant,Arsh Crown Sky Dominion  Yellow Gold Coral Brass Pendant,Arsh Crown Sky Dominion  Yellow Gold Coral Brass Pendant,MP000000000615785
Arsh Crown Sky Dominion NA Yellow Gold Coral Brass Pendant,Arsh Crown Sky Dominion NA Yellow Gold Coral Brass Pendant,Arsh Crown Sky Dominion NA Yellow Gold Coral Brass Pendant,Arsh Crown Sky Dominion NA Yellow Gold Coral Brass Pendant,MP000000000615786
Arsh Crown Sky Dominion Yellow Gold Coral Brass Pendant,Arsh Crown Sky Dominion  Yellow Gold Coral Brass Pendant,Arsh Crown Sky Dominion  Yellow Gold Coral Brass Pendant,Arsh Crown Sky Dominion  Yellow Gold Coral Brass Pendant,MP000000000615787
Arsh Crown Sky Dominion NA Yellow Gold Coral Brass Pendant,Arsh Crown Sky Dominion NA Yellow Gold Coral Brass Pendant,Arsh Crown Sky Dominion NA Yellow Gold Coral Brass Pendant,Arsh Crown Sky Dominion NA Yellow Gold Coral Brass Pendant,MP000000000615788
Arsh Crown Sky Dominion NA Yellow Gold Coral Brass Pendant,Arsh Crown Sky Dominion NA Yellow Gold Coral Brass Pendant,Arsh Crown Sky Dominion NA Yellow Gold Coral Brass Pendant,Arsh Crown Sky Dominion NA Yellow Gold Coral Brass Pendant,MP000000000615789
Arsh Crown Sky Dominion  Yellow Gold Coral Brass Pendant,Arsh Crown Sky Dominion  Yellow Gold Coral Brass Pendant,Arsh Crown Sky Dominion  Yellow Gold Coral Brass Pendant,Arsh Crown Sky Dominion  Yellow Gold Coral Brass Pendant,MP000000000615790
Arsh Crown Sky Dominion NA Yellow Gold Coral Brass Pendant,Arsh Crown Sky Dominion NA Yellow Gold Coral Brass Pendant,Arsh Crown Sky Dominion NA Yellow Gold Coral Brass Pendant,Arsh Crown Sky Dominion NA Yellow Gold Coral Brass Pendant,MP000000000615791
Arsh Crown Sky Dominion  Yellow Gold Coral Brass Pendant,Arsh Crown Sky Dominion  Yellow Gold Coral Brass Pendant,Arsh Crown Sky Dominion  Yellow Gold Coral Brass Pendant,Arsh Crown Sky Dominion  Yellow Gold Coral Brass Pendant,MP000000000615792




The Luxor Designr Gold Plated Diamond Studed Necklace,The Luxor Designer Gold Plated Pearl Studed Necklace,The Luxor Designer Gold Plated Pearl Studed Necklace,The Luxor Designer Gold Plated Pearl Studed Necklace,MP000000000595772
The Luxo Designer Gold Plated Pearl Studed Necklace,The Luxor Designer Gold Plated Pearl Studed Necklace,The Luxor Designer Gold Plated Pearl Studed Necklace,The Luxor Designer Gold Plated Pearl Studed Necklace,MP000000000595773
The Lu Desigr Gold Plated Pearl Studd Necklace,The Luxor Designer Gold Plated Pearl Studed Necklace,The Luxor Designer Gold Plated Pearl Studed Necklace,The Luxor Designer Gold Plated Pearl Studed Necklace,MP000000000595774
The Luxr Designer Gold Plated Perl Stded Necklace,The Luxor Designer Gold Plated Pearl Studed Necklace,The Luxor Designer Gold Plated Pearl Studed Necklace,The Luxor Designer Gold Plated Pearl Studed Necklace,MP000000000595775
The Luor Desgner Gold Plated Pearl Stued Necklace,The Luxor Designer Gold Plated Pearl Studed Necklace,The Luxor Designer Gold Plated Pearl Studed Necklace,The Luxor Designer Gold Plated Pearl Studed Necklace,MP000000000595776
The Lxor Designer Gold Plated Parl Studed Necklce,The Luxor Designer Gold Plated Pearl Studed Necklace,The Luxor Designer Gold Plated Pearl Studed Necklace,The Luxor Designer Gold Plated Pearl Studed Necklace,MP000000000595777
The Lur Designer Gold Plated Pearl Studed Neklace,The Luxor Designer Gold Plated Pearl Studed Necklace,The Luxor Designer Gold Plated Pearl Studed Necklace,The Luxor Designer Gold Plated Pearl Studed Necklace,MP000000000595778
The Lor Designer Gold Plated Peal Studed Necklae,The Luxor Designer Gold Plated Pearl Studed Necklace,The Luxor Designer Gold Plated Pearl Studed Necklace,The Luxor Designer Gold Plated Pearl Studed Necklace,MP000000000595779
The Lr Designer Gold Plted Pearl Studed Necklce,The Luxor Designer Gold Plated Pearl Studed Necklace,The Luxor Designer Gold Plated Pearl Studed Necklace,The Luxor Designer Gold Plated Pearl Studed Necklace,MP000000000595770
The Lxr Designer Gold Plated Pearl Studed Neclace,The Luxor Designer Gold Plated Pearl Studed Necklace,The Luxor Designer Gold Plated Pearl Studed Necklace,The Luxor Designer Gold Plated Pearl Studed Necklace,MP000000000594771

