# code,name,medias
MBH11A00003,Fusion Beats,"MBH11A00003_brandLogoImage_135Wx60H.jpeg,MBH11A00003_brandOverlayImage_206Wx206H.jpeg,MBH11A00003_homePage_432Wx439H.jpeg"
MBH11A00003,Fusion Beats,"MBH11A00003_brandLogoImage_135Wx60H.jpeg,MBH11A00003_brandOverlayImage_206Wx206H.jpeg,MBH11A00003_homePage_432Wx439H.jpeg"
MBH11A00003,Fusion Beats,"MBH11A00003_brandLogoImage_135Wx60H.jpeg,MBH11A00003_brandOverlayImage_206Wx206H.jpeg,MBH11A00003_homePage_432Wx439H.jpeg"
MBH11A00001,Global Desi,"MBH11A00001_brandLogoImage_135Wx60H.jpeg,MBH11A00001_brandOverlayImage_206Wx206H.jpeg,MBH11A00001_homePage_432Wx439H.jpeg"
MBH11A00001,Global Desi,"MBH11A00001_brandLogoImage_135Wx60H.jpeg,MBH11A00001_brandOverlayImage_206Wx206H.jpeg,MBH11A00001_homePage_432Wx439H.jpeg"
MBH11A00001,Global Desi,"MBH11A00001_brandLogoImage_135Wx60H.jpeg,MBH11A00001_brandOverlayImage_206Wx206H.jpeg,MBH11A00001_homePage_432Wx439H.jpeg"
MBH11A00004,Westside,"MBH11A00004_brandOverlayImage_206Wx206H.jpeg,MBH11A00004_homePage_432Wx439H.jpeg,MBH11A00004_brandLogoImage_135Wx60H.jpeg"
MBH11A00004,Westside,"MBH11A00004_brandOverlayImage_206Wx206H.jpeg,MBH11A00004_homePage_432Wx439H.jpeg,MBH11A00004_brandLogoImage_135Wx60H.jpeg"
MBH11A00004,Westside,"MBH11A00004_brandOverlayImage_206Wx206H.jpeg,MBH11A00004_homePage_432Wx439H.jpeg,MBH11A00004_brandLogoImage_135Wx60H.jpeg"
MSH1016103,Shirts,"MSH1016103_homePage_324Wx324H.jpeg,MSH1016103_signInDropdownCategoryImage_157Wx157H.jpeg"
MSH1016103,Shirts,"MSH1016103_homePage_324Wx324H.jpeg,MSH1016103_signInDropdownCategoryImage_157Wx157H.jpeg"
MSH1116100,T-shirts & Polos,"MSH1116100_homePage_324Wx324H.jpeg,MSH1116100_signInDropdownCategoryImage_157Wx157H.jpeg"
MSH1116100,T-shirts & Polos,"MSH1116100_homePage_324Wx324H.jpeg,MSH1116100_signInDropdownCategoryImage_157Wx157H.jpeg"
MSH1116102,Sweatshirts,"MSH1116102_homePage_324Wx324H.jpeg,MSH1116102_signInDropdownCategoryImage_157Wx157H.jpeg"
MSH1116102,Sweatshirts,"MSH1116102_homePage_324Wx324H.jpeg,MSH1116102_signInDropdownCategoryImage_157Wx157H.jpeg"
MBH11A00019,Only,"MBH11A00019_brandOverlayImage_206Wx206H.jpeg,MBH11A00019_homePage_432Wx439H.jpeg,MBH11A00019_brandLogoImage_135Wx60H.jpeg"
MBH11A00019,Only,"MBH11A00019_brandOverlayImage_206Wx206H.jpeg,MBH11A00019_homePage_432Wx439H.jpeg,MBH11A00019_brandLogoImage_135Wx60H.jpeg"
MBH11A00019,Only,"MBH11A00019_brandOverlayImage_206Wx206H.jpeg,MBH11A00019_homePage_432Wx439H.jpeg,MBH11A00019_brandLogoImage_135Wx60H.jpeg"
MBH11A00015,AND,"MBH11A00015_brandLogoImage_135Wx60H.jpeg,MBH11A00015_brandOverlayImage_206Wx206H.jpeg,MBH11A00015_homePage_432Wx439H.jpeg"
MBH11A00015,AND,"MBH11A00015_brandLogoImage_135Wx60H.jpeg,MBH11A00015_brandOverlayImage_206Wx206H.jpeg,MBH11A00015_homePage_432Wx439H.jpeg"
MBH11A00015,AND,"MBH11A00015_brandLogoImage_135Wx60H.jpeg,MBH11A00015_brandOverlayImage_206Wx206H.jpeg,MBH11A00015_homePage_432Wx439H.jpeg"
MBH11A00018,Vero Moda,"MBH11A00018_brandOverlayImage_206Wx206H.jpeg,MBH11A00018_homePage_432Wx439H.jpeg,MBH11A00018_brandLogoImage_135Wx60H.jpeg"
MBH11A00018,Vero Moda,"MBH11A00018_brandOverlayImage_206Wx206H.jpeg,MBH11A00018_homePage_432Wx439H.jpeg,MBH11A00018_brandLogoImage_135Wx60H.jpeg"
MBH11A00018,Vero Moda,"MBH11A00018_brandOverlayImage_206Wx206H.jpeg,MBH11A00018_homePage_432Wx439H.jpeg,MBH11A00018_brandLogoImage_135Wx60H.jpeg"
MBH11A00014,109 F,"MBH11A00014_brandLogoImage_135Wx60H.jpeg,MBH11A00014_brandOverlayImage_206Wx206H.jpeg,MBH11A00014_homePage_432Wx439H.jpeg"
MBH11A00014,109 F,"MBH11A00014_brandLogoImage_135Wx60H.jpeg,MBH11A00014_brandOverlayImage_206Wx206H.jpeg,MBH11A00014_homePage_432Wx439H.jpeg"
MBH11A00014,109 F,"MBH11A00014_brandLogoImage_135Wx60H.jpeg,MBH11A00014_brandOverlayImage_206Wx206H.jpeg,MBH11A00014_homePage_432Wx439H.jpeg"
MSH1016100,Dresses,MSH1016100_homePage_324Wx324H.jpeg
MSH1016106,Jeans,"MSH1016106_homePage_324Wx324H.jpeg,MSH1016106_signInDropdownCategoryImage_157Wx157H.jpeg"
MSH1016106,Jeans,"MSH1016106_homePage_324Wx324H.jpeg,MSH1016106_signInDropdownCategoryImage_157Wx157H.jpeg"
MSH1210100,Smartphones,MSH1210100_signInDropdownCategoryImage_157Wx157H.jpeg
