# SEOMETATITLE,SEOMETAKEYWORD,SEOMETADESCRIPTION,SEOTAGS,code
Global Desi Cream Embroidered Cotton Kurta,Global Desi Cream Embroidered Cotton Kurta,Global Desi Cream Embroidered Cotton Kurta,Global Desi Cream Embroidered Cotton Kurta,MP000000000077347
Global Desi Cream Embroidered Cotton Kurta,Global Desi Cream Embroidered Cotton Kurta,Global Desi Cream Embroidered Cotton Kurta,Global Desi Cream Embroidered Cotton Kurta,MP000000000077621
Jockey  Men's white Color Trunks,Jockey  Men's white Color Trunks,Jockey  Men's white Color Trunks,Jockey  Men's white Color Trunks,MP000000000092834
Van Heusen Medium Navy Blazer,Van Heusen Medium Navy Blazer,Van Heusen Medium Navy Blazer,,MP000000000092900
,,,,MP000000000092911
Only Women Casual Jeans,Only Women Casual Jeans,Only Women Casual Jeans,Only Women Casual Jeans,MP000000000101827
,,,,MP000000000128166
,,,,MP000000000128167
,,,,MP000000000128233
Forever New Women Casual Jeans,Forever New Women Casual Jeans,Forever New Women Casual Jeans,Forever New Women Casual Jeans,MP000000000128234
Fab India Women Casual Jeans,Fab India Women Casual Jeans,Fab India Women Casual Jeans,Fab India Women Casual Jeans,MP000000000128236
Fab India Women Casual Jeans,Fab India Women Casual Jeans,Fab India Women Casual Jeans,Fab India Women Casual Jeans,MP000000000128238
Forever New Women Casual Jeans,Forever New Women Casual Jeans,Forever New Women Casual Jeans,Forever New Women Casual Jeans,MP000000000128241
